Datetime,Water Level (m)
2025-10-24 00:00:00,0.118408225
2025-10-24 01:00:00,-0.08586949
2025-10-24 02:00:00,-0.25153857
2025-10-24 03:00:00,-0.3631557
2025-10-24 04:00:00,-0.26536962
2025-10-24 05:00:00,0.08623088
2025-10-24 06:00:00,0.43009534
2025-10-24 07:00:00,0.69383985
2025-10-24 08:00:00,0.8309631
2025-10-24 09:00:00,0.7551959
2025-10-24 10:00:00,0.48843658
2025-10-24 11:00:00,0.22517209
2025-10-24 12:00:00,0.0016663143
2025-10-24 13:00:00,-0.18502793
2025-10-24 14:00:00,-0.3433014
2025-10-24 15:00:00,-0.44299242
2025-10-24 16:00:00,-0.25803944
2025-10-24 17:00:00,0.10574156
2025-10-24 18:00:00,0.47652116
2025-10-24 19:00:00,0.78516364
2025-10-24 20:00:00,0.9917326
2025-10-24 21:00:00,1.0203784
2025-10-24 22:00:00,0.81147903
2025-10-24 23:00:00,0.52434707
2025-10-25 00:00:00,0.26367262
2025-10-25 01:00:00,0.051857125
2025-10-25 02:00:00,-0.12665962
2025-10-25 03:00:00,-0.26339012
2025-10-25 04:00:00,-0.31152815
2025-10-25 05:00:00,-0.013925559
2025-10-25 06:00:00,0.3135403
2025-10-25 07:00:00,0.58499163
2025-10-25 08:00:00,0.75304526
2025-10-25 09:00:00,0.7582645
2025-10-25 10:00:00,0.55839396
2025-10-25 11:00:00,0.30752566
2025-10-25 12:00:00,0.08442459
2025-10-25 13:00:00,-0.10564826
2025-10-25 14:00:00,-0.2627365
2025-10-25 15:00:00,-0.3852448
2025-10-25 16:00:00,-0.39289463
2025-10-25 17:00:00,-0.07221123
2025-10-25 18:00:00,0.2859822
2025-10-25 19:00:00,0.61198705
2025-10-25 20:00:00,0.8701878
2025-10-25 21:00:00,0.9931067
2025-10-25 22:00:00,0.9043921
2025-10-25 23:00:00,0.635891
2025-10-26 00:00:00,0.36941206
2025-10-26 01:00:00,0.14442843
2025-10-26 02:00:00,-0.041000336
2025-10-26 03:00:00,-0.18477885
2025-10-26 04:00:00,-0.2792805
2025-10-26 05:00:00,-0.18517607
2025-10-26 06:00:00,0.13134526
2025-10-26 07:00:00,0.4115613
2025-10-26 08:00:00,0.61086017
2025-10-26 09:00:00,0.6996986
2025-10-26 10:00:00,0.61615556
2025-10-26 11:00:00,0.390939
2025-10-26 12:00:00,0.1631469
2025-10-26 13:00:00,-0.03031498
2025-10-26 14:00:00,-0.19063593
2025-10-26 15:00:00,-0.32022157
2025-10-26 16:00:00,-0.3871301
2025-10-26 17:00:00,-0.21856633
2025-10-26 18:00:00,0.10270371
2025-10-26 19:00:00,0.4274235
2025-10-26 20:00:00,0.69418836
2025-10-26 21:00:00,0.8736054
2025-10-26 22:00:00,0.9053614
2025-10-26 23:00:00,0.74062884
2025-10-27 00:00:00,0.48365
2025-10-27 01:00:00,0.24884775
2025-10-27 02:00:00,0.057127584
2025-10-27 03:00:00,-0.09935425
2025-10-27 04:00:00,-0.2088009
2025-10-27 05:00:00,-0.23542295
2025-10-27 06:00:00,-0.025308684
2025-10-27 07:00:00,0.24615909
2025-10-27 08:00:00,0.46619397
2025-10-27 09:00:00,0.59896636
2025-10-27 10:00:00,0.6172709
2025-10-27 11:00:00,0.47875988
2025-10-27 12:00:00,0.27318642
2025-10-27 13:00:00,0.07795968
2025-10-27 14:00:00,-0.09002532
2025-10-27 15:00:00,-0.2232662
2025-10-27 16:00:00,-0.3149604
2025-10-27 17:00:00,-0.2967463
2025-10-27 18:00:00,-0.044886984
2025-10-27 19:00:00,0.2502088
2025-10-27 20:00:00,0.51568264
2025-10-27 21:00:00,0.717498
2025-10-27 22:00:00,0.82714707
2025-10-27 23:00:00,0.7957869
2025-10-28 00:00:00,0.60564137
2025-10-28 01:00:00,0.38078707
2025-10-28 02:00:00,0.18160696
2025-10-28 03:00:00,0.023644174
2025-10-28 04:00:00,-0.09537384
2025-10-28 05:00:00,-0.16234411
2025-10-28 06:00:00,-0.14055417
2025-10-28 07:00:00,0.06005991
2025-10-28 08:00:00,0.27510113
2025-10-28 09:00:00,0.4432415
2025-10-28 10:00:00,0.54581445
2025-10-28 11:00:00,0.5468929
2025-10-28 12:00:00,0.41650563
2025-10-28 13:00:00,0.2335582
2025-10-28 14:00:00,0.05928041
2025-10-28 15:00:00,-0.088383555
2025-10-28 16:00:00,-0.19584772
2025-10-28 17:00:00,-0.24569087
2025-10-28 18:00:00,-0.15590501
2025-10-28 19:00:00,0.08064184
2025-10-28 20:00:00,0.32702747
2025-10-28 21:00:00,0.5397359
2025-10-28 22:00:00,0.70046914
2025-10-28 23:00:00,0.7837584
2025-10-29 00:00:00,0.7456978
2025-10-29 01:00:00,0.5774049
2025-10-29 02:00:00,0.38175339
2025-10-29 03:00:00,0.205939
2025-10-29 04:00:00,0.06326038
2025-10-29 05:00:00,-0.04268589
2025-10-29 06:00:00,-0.10285671
2025-10-29 07:00:00,-0.07522295
2025-10-29 08:00:00,0.08614529
2025-10-29 09:00:00,0.26387262
2025-10-29 10:00:00,0.41252947
2025-10-29 11:00:00,0.50557834
2025-10-29 12:00:00,0.52794003
2025-10-29 13:00:00,0.45103398
2025-10-29 14:00:00,0.30422878
2025-10-29 15:00:00,0.1505717
2025-10-29 16:00:00,0.016724532
2025-10-29 17:00:00,-0.084931605
2025-10-29 18:00:00,-0.13333288
2025-10-29 19:00:00,-0.07650045
2025-10-29 20:00:00,0.11639132
2025-10-29 21:00:00,0.33614382
2025-10-29 22:00:00,0.53847474
2025-10-29 23:00:00,0.6982278
2025-10-30 00:00:00,0.79078484
